Workbook

Sheet 202407月
B1: 研发费用—职工薪酬分摊明细表
A2: 项目名称：长距离轨行区智能管控关键技术与平台研究 | M2: 课题合同（项目）编号： | P2: 21-B-02 | V2: 2024年7月（单位：元）
A3: 序号 | B3: 姓名 | C3: 从事研发天数 | D3: 工时率 | E3: 管理费用 | O3: 计入课题的研发人员工资性费用
E4: 1.应发工资 | F4: 2.社会保险费 | G4: 2.1基本养老 | H4: 2.2工伤 | I4: 2.3失业 | J4: 2.4基本医疗 | K4: 2.5大病医疗 | L4: 3.住房 公积金 | M4: 4.企业年金 | N4: 小计 | O4: 1.研发工资 | P4: 2.社会保险费 | Q4: 2.1基本养老 | R4: 2.2工伤 | S4: 2.3失业 | T4: 2.4基本医疗 | U4: 2.5大病医疗 | V4: 3.住房 公积金 | W4: 4.企业年金 | X4: 小计 | Z4: 核对
A5: 1 | B5: 陈前 | C5: ='202407月考勤表'!AH6 -> 5.25 | D5: ='202407月考勤表'!AI6 -> 0.25 | E5: 33230 | F5: 6281.46 | G5: 3963.15 | H5: 409.77 | I5: 304.66 | J5: 1603.88 | K5: 0 | L5: 4083 | N5: =SUM(E5,F5,L5,M5) -> 43594.46 | O5: =E5*$D5 -> 8307.5 | P5: =F5*$D5 -> 1570.365 | Q5: =G5*$D5 -> 990.7875 | R5: =H5*$D5 -> 102.4425 | S5: =I5*$D5 -> 76.165 | T5: =J5*$D5 -> 400.97 | U5: =K5*$D5 -> 0 | V5: =L5*$D5 -> 1020.75 | W5: =IF(M5="","",M5*$D5) | X5: =SUM(O5,P5,V5,W5) -> 10898.615 | Z5: =SUM(O5,P5,V5,W5) -> 10898.615 | AA5: =ROUND(Z5-X5,2) -> 0
A6: 2 | B6: 梁家奇 | C6: ='202407月考勤表'!AH8 -> 5.25 | D6: ='202407月考勤表'!AI8 -> 0.25 | E6: 27920 | F6: 5278.57 | G6: 3574.65 | H6: 238.31 | I6: 190.65 | J6: 1274.96 | K6: 0 | L6: 3222 | N6: =SUM(E6,F6,L6,M6) -> 36420.57 | O6: =E6*$D6 -> 6980 | P6: =F6*$D6 -> 1319.6425 | Q6: =G6*$D6 -> 893.6625 | R6: =H6*$D6 -> 59.5775 | S6: =I6*$D6 -> 47.6625 | T6: =J6*$D6 -> 318.74 | U6: =K6*$D6 -> 0 | V6: =L6*$D6 -> 805.5 | W6: =IF(M6="","",M6*$D6) | X6: =SUM(O6,P6,V6,W6) -> 9105.1425 | Z6: =SUM(O6,P6,V6,W6) -> 9105.1425 | AA6: =ROUND(Z6-X6,2) -> 0
A7: 3 | B7: 赵明明 | C7: ='202407月考勤表'!AH10 -> 10.5 | D7: ='202407月考勤表'!AI10 -> 0.5 | E7: 24260 | F7: 6171.51 | G7: 3963.15 | H7: 335.82 | I7: 268.66 | J7: 1603.88 | K7: 0 | L7: 3715 | N7: =SUM(E7,F7,L7,M7) -> 34146.51 | O7: =E7*$D7 -> 12130 | P7: =F7*$D7 -> 3085.755 | Q7: =G7*$D7 -> 1981.575 | R7: =H7*$D7 -> 167.91 | S7: =I7*$D7 -> 134.33 | T7: =J7*$D7 -> 801.94 | U7: =K7*$D7 -> 0 | V7: =L7*$D7 -> 1857.5 | W7: =IF(M7="","",M7*$D7) | X7: =SUM(O7,P7,V7,W7) -> 17073.255 | Z7: =SUM(O7,P7,V7,W7) -> 17073.255 | AA7: =ROUND(Z7-X7,2) -> 0
A8: 4 | B8: 郭丹 | C8: ='202407月考勤表'!AH12 -> 2 | D8: ='202407月考勤表'!AI12 -> 0.095238095 | E8: 30840 | F8: 6083.41 | G8: 3963.15 | H8: 296.54 | I8: 237.23 | J8: 1586.49 | K8: 0 | L8: 3912 | N8: =SUM(E8,F8,L8,M8) -> 40835.41 | O8: =E8*$D8 -> 2937.1429 | P8: =F8*$D8 -> 579.37238 | Q8: =G8*$D8 -> 377.44286 | R8: =H8*$D8 -> 28.241905 | S8: =I8*$D8 -> 22.593333 | T8: =J8*$D8 -> 151.09429 | U8: =K8*$D8 -> 0 | V8: =L8*$D8 -> 372.57143 | W8: =IF(M8="","",M8*$D8) | X8: =SUM(O8,P8,V8,W8) -> 3889.0867 | Z8: =SUM(O8,P8,V8,W8) -> 3889.0867 | AA8: =ROUND(Z8-X8,2) -> 0
A9: 5 | B9: 陈宪祖 | C9: ='202407月考勤表'!AH14 -> 2 | D9: ='202407月考勤表'!AI14 -> 0.095238095 | E9: 32000 | F9: 0 | G9: 0 | H9: 0 | I9: 0 | J9: 0 | K9: 0 | L9: 0 | N9: =SUM(E9,F9,L9,M9) -> 32000 | O9: =E9*$D9 -> 3047.619 | P9: =F9*$D9 -> 0 | Q9: =G9*$D9 -> 0 | R9: =H9*$D9 -> 0 | S9: =I9*$D9 -> 0 | T9: =J9*$D9 -> 0 | U9: =K9*$D9 -> 0 | V9: =L9*$D9 -> 0 | W9: =IF(M9="","",M9*$D9) | X9: =SUM(O9,P9,V9,W9) -> 3047.619 | Z9: =SUM(O9,P9,V9,W9) -> 3047.619 | AA9: =ROUND(Z9-X9,2) -> 0
B10: 合计 | C10: =SUM(C5:C9) -> 25 | E10: =SUM(E5:E9) -> 148250 | F10: =SUM(F5:F9) -> 23814.95 | G10: =SUM(G5:G9) -> 15464.1 | H10: =SUM(H5:H9) -> 1280.44 | I10: =SUM(I5:I9) -> 1001.2 | J10: =SUM(J5:J9) -> 6069.21 | K10: =SUM(K5:K9) -> 0 | L10: =SUM(L5:L9) -> 14932 | ... W10: =SUM(W5:W9) -> 0 | X10: =ROUND(SUM(X5:X9),2)+3359.11 -> 47372.83 | Z10: =SUM(Z5:Z9) -> 44013.718 | AA10: =ROUND(ROUND(Z10,2)+3359.11-X10,2) -> 0
B12: 项目/课题负责人： | H12: 科研管理部门业务审核： | M12: 财务部门研发费用审核： | R12: 课题财务助理： | V12: 制表：

Sheet 202407月考勤表
A1: 中铁建华南建设有限公司研发人员科研工时安排表
A2: 研发项目名称：长距离轨行区智能管控关键技术与平台研究 | AA2: 合同编号： | AE2: 21-B-02
A3: 序号 | B3: 姓名 | C3: 日期 | D3: 2024年7月份科研工时安排（6月21日—7月20日） | AH3: 出勤 天数 | AI3: 工时 率
D4: 21 | E4: 22 | F4: 23 | G4: 24 | H4: 25 | I4: 26 | J4: 27 | K4: 28 | L4: 29 | M4: 30 | N4: 1 | O4: 2 | P4: 3 | Q4: 4 | R4: 5 | S4: 6 | T4: 7 | U4: 8 | V4: 9 | W4: 10 | X4: 11 | Y4: 12 | Z4: 13 | AA4: 14 | AB4: 15 | AC4: 16 | AD4: 17 | AE4: 18 | AF4: 19 | AG4: 20
A5: 1 | B5: 陈前 | C5: 出勤 | D5: 8 | E5: / | F5: / | G5: 8 | H5: 8 | I5: 8 | J5: 8 | K5: 8 | L5: / | M5: / | N5: 8 | O5: 8 | P5: 8 | Q5: 8 | R5: 8 | S5: / | T5: / | U5: 8 | V5: 8 | W5: 8 | X5: 8 | Y5: 8 | Z5: / | AA5: / | AB5: 8 | AC5: 8 | AD5: 8 | AE5: 8 | AF5: 8 | AG5: / | AH5: =COUNT(D5:AG5) -> 21
C6: 科研 | H6: 8 | I6: 8 | J6: 8 | K6: 8 | AB6: 8 | AC6: 2 | AH6: =SUM(D6:AG6)/8 -> 5.25 | AI6: =AH6/AH5 -> 0.25
A7: 2 | B7: 梁家奇 | C7: 出勤 | D7: 8 | E7: / | F7: / | G7: 8 | H7: 8 | I7: 8 | J7: 8 | K7: 8 | L7: / | M7: / | N7: 8 | O7: 8 | P7: 8 | Q7: 8 | R7: 8 | S7: / | T7: / | U7: 8 | V7: 8 | W7: 8 | X7: 8 | Y7: 8 | Z7: / | AA7: / | AB7: 8 | AC7: 8 | AD7: 8 | AE7: 8 | AF7: 8 | AG7: / | AH7: =COUNT(D7:AG7) -> 21
C8: 科研 | H8: 8 | I8: 8 | J8: 8 | K8: 8 | AB8: 8 | AC8: 2 | AH8: =SUM(D8:AG8)/8 -> 5.25 | AI8: =AH8/AH7 -> 0.25
A9: 3 | B9: 赵明明 | C9: 出勤 | D9: 8 | E9: / | F9: / | G9: 8 | H9: 8 | I9: 8 | J9: 8 | K9: 8 | L9: / | M9: / | N9: 8 | O9: 8 | P9: 8 | Q9: 8 | R9: 8 | S9: / | T9: / | U9: 8 | V9: 8 | W9: 8 | X9: 8 | Y9: 8 | Z9: / | AA9: / | AB9: 8 | AC9: 8 | AD9: 8 | AE9: 8 | AF9: 8 | AG9: / | AH9: =COUNT(D9:AG9) -> 21
C10: 科研 | H10: 8 | I10: 8 | J10: 8 | K10: 8 | O10: 8 | Q10: 8 | R10: 8 | W10: 8 | X10: 8 | AB10: 8 | AD10: 4 | AH10: =SUM(D10:AG10)/8 -> 10.5 | AI10: =AH10/AH9 -> 0.5
A11: 4 | B11: 郭丹 | C11: 出勤 | D11: 8 | E11: / | F11: / | G11: 8 | H11: 8 | I11: 8 | J11: 8 | K11: 8 | L11: / | M11: / | N11: 8 | O11: 8 | P11: 8 | Q11: 8 | R11: 8 | S11: / | T11: / | U11: 8 | V11: 8 | W11: 8 | X11: 8 | Y11: 8 | Z11: / | AA11: / | AB11: 8 | AC11: 8 | AD11: 8 | AE11: 8 | AF11: 8 | AG11: / | AH11: =COUNT(D11:AG11) -> 21
C12: 科研 | H12: 8 | I12: 4 | AB12: 4 | AH12: =SUM(D12:AG12)/8 -> 2 | AI12: =AH12/AH11 -> 0.095238095
A13: 5 | B13: 陈宪祖 | C13: 出勤 | D13: 8 | E13: / | F13: / | G13: 8 | H13: 8 | I13: 8 | J13: 8 | K13: 8 | L13: / | M13: / | N13: 8 | O13: 8 | P13: 8 | Q13: 8 | R13: 8 | S13: / | T13: / | U13: 8 | V13: 8 | W13: 8 | X13: 8 | Y13: 8 | Z13: / | AA13: / | AB13: 8 | AC13: 8 | AD13: 8 | AE13: 8 | AF13: 8 | AG13: / | AH13: =COUNT(D13:AG13) -> 21
C14: 科研 | I14: 8 | J14: 8 | AH14: =SUM(D14:AG14)/8 -> 2 | AI14: =AH14/AH13 -> 0.095238095
A15: 说明：出勤栏8表示日历应出勤，/表示休息，—表示国家法定假日；科研栏数字表示科研小时数。
A16: 项目/课题负责人： | V16: 制表：

Sheet 202408月
B1: 研发费用—职工薪酬分摊明细表
A2: 项目名称：长距离轨行区智能管控关键技术与平台研究 | M2: 课题合同（项目）编号： | P2: 21-B-02 | V2: 2024年8月（单位：元）
A3: 序号 | B3: 姓名 | C3: 从事研发天数 | D3: 工时率 | E3: 管理费用 | O3: 计入课题的研发人员工资性费用
E4: 1.应发工资 | F4: 2.社会保险费 | G4: 2.1基本养老 | H4: 2.2工伤 | I4: 2.3失业 | J4: 2.4基本医疗 | K4: 2.5大病医疗 | L4: 3.住房 公积金 | M4: 4.企业年金 | N4: 小计 | O4: 1.研发工资 | P4: 2.社会保险费 | Q4: 2.1基本养老 | R4: 2.2工伤 | S4: 2.3失业 | T4: 2.4基本医疗 | U4: 2.5大病医疗 | V4: 3.住房 公积金 | W4: 4.企业年金 | X4: 小计 | Z4: 核对
A5: 1 | B5: 陈前 | C5: ='202408月考勤表'!AI6 -> 5.5 | D5: ='202408月考勤表'!AJ6 -> 0.25 | E5: 33240 | F5: 6281.46 | G5: 3963.15 | H5: 409.77 | I5: 304.66 | J5: 1603.88 | K5: 0 | L5: 4083 | N5: =SUM(E5,F5,L5,M5) -> 43604.46 | O5: =E5*$D5 -> 8310 | P5: =F5*$D5 -> 1570.365 | Q5: =G5*$D5 -> 990.7875 | R5: =H5*$D5 -> 102.4425 | S5: =I5*$D5 -> 76.165 | T5: =J5*$D5 -> 400.97 | U5: =K5*$D5 -> 0 | V5: =L5*$D5 -> 1020.75 | W5: =IF(M5="","",M5*$D5) | X5: =SUM(O5,P5,V5,W5) -> 10901.115 | Z5: =SUM(O5,P5,V5,W5) -> 10901.115 | AA5: =ROUND(Z5-X5,2) -> 0
A6: 2 | B6: 梁家奇 | C6: ='202408月考勤表'!AI8 -> 5.5 | D6: ='202408月考勤表'!AJ8 -> 0.25 | E6: 27930 | F6: 5278.57 | G6: 3574.65 | H6: 238.31 | I6: 190.65 | J6: 1274.96 | K6: 0 | L6: 3222 | N6: =SUM(E6,F6,L6,M6) -> 36430.57 | O6: =E6*$D6 -> 6982.5 | P6: =F6*$D6 -> 1319.6425 | Q6: =G6*$D6 -> 893.6625 | R6: =H6*$D6 -> 59.5775 | S6: =I6*$D6 -> 47.6625 | T6: =J6*$D6 -> 318.74 | U6: =K6*$D6 -> 0 | V6: =L6*$D6 -> 805.5 | W6: =IF(M6="","",M6*$D6) | X6: =SUM(O6,P6,V6,W6) -> 9107.6425 | Z6: =SUM(O6,P6,V6,W6) -> 9107.6425 | AA6: =ROUND(Z6-X6,2) -> 0
A7: 3 | B7: 赵明明 | C7: ='202408月考勤表'!AI10 -> 11 | D7: ='202408月考勤表'!AJ10 -> 0.5 | E7: 24270 | F7: 6171.51 | G7: 3963.15 | H7: 335.82 | I7: 268.66 | J7: 1603.88 | K7: 0 | L7: 3715 | N7: =SUM(E7,F7,L7,M7) -> 34156.51 | O7: =E7*$D7 -> 12135 | P7: =F7*$D7 -> 3085.755 | Q7: =G7*$D7 -> 1981.575 | R7: =H7*$D7 -> 167.91 | S7: =I7*$D7 -> 134.33 | T7: =J7*$D7 -> 801.94 | U7: =K7*$D7 -> 0 | V7: =L7*$D7 -> 1857.5 | W7: =IF(M7="","",M7*$D7) | X7: =SUM(O7,P7,V7,W7) -> 17078.255 | Z7: =SUM(O7,P7,V7,W7) -> 17078.255 | AA7: =ROUND(Z7-X7,2) -> 0
A8: 4 | B8: 郭丹 | C8: ='202408月考勤表'!AI12 -> 2 | D8: ='202408月考勤表'!AJ12 -> 0.090909091 | E8: 30850 | F8: 6083.41 | G8: 3963.15 | H8: 296.54 | I8: 237.23 | J8: 1586.49 | K8: 0 | L8: 3912 | N8: =SUM(E8,F8,L8,M8) -> 40845.41 | O8: =E8*$D8 -> 2804.5455 | P8: =F8*$D8 -> 553.03727 | Q8: =G8*$D8 -> 360.28636 | R8: =H8*$D8 -> 26.958182 | S8: =I8*$D8 -> 21.566364 | T8: =J8*$D8 -> 144.22636 | U8: =K8*$D8 -> 0 | V8: =L8*$D8 -> 355.63636 | W8: =IF(M8="","",M8*$D8) | X8: =SUM(O8,P8,V8,W8) -> 3713.2191 | Z8: =SUM(O8,P8,V8,W8) -> 3713.2191 | AA8: =ROUND(Z8-X8,2) -> 0
A9: 5 | B9: 陈凯丽 | C9: ='202408月考勤表'!AI14 -> 2 | D9: ='202408月考勤表'!AJ14 -> 0.090909091 | E9: 18580 | F9: 4548.5 | G9: 3080.25 | H9: 205.35 | I9: 164.28 | J9: 1098.62 | K9: 0 | L9: 3212 | N9: =SUM(E9,F9,L9,M9) -> 26340.5 | O9: =E9*$D9 -> 1689.0909 | P9: =F9*$D9 -> 413.5 | Q9: =G9*$D9 -> 280.02273 | R9: =H9*$D9 -> 18.668182 | S9: =I9*$D9 -> 14.934545 | T9: =J9*$D9 -> 99.874545 | U9: =K9*$D9 -> 0 | V9: =L9*$D9 -> 292 | W9: =IF(M9="","",M9*$D9) | X9: =SUM(O9,P9,V9,W9) -> 2394.5909 | Z9: =SUM(O9,P9,V9,W9) -> 2394.5909 | AA9: =ROUND(Z9-X9,2) -> 0
A10: 6 | B10: 陈宪祖 | C10: ='202408月考勤表'!AI16 -> 2 | D10: ='202408月考勤表'!AJ16 -> 0.090909091 | E10: 32000 | F10: 0 | G10: 0 | H10: 0 | I10: 0 | J10: 0 | K10: 0 | L10: 0 | N10: =SUM(E10,F10,L10,M10) -> 32000 | O10: =E10*$D10 -> 2909.0909 | P10: =F10*$D10 -> 0 | Q10: =G10*$D10 -> 0 | R10: =H10*$D10 -> 0 | S10: =I10*$D10 -> 0 | T10: =J10*$D10 -> 0 | U10: =K10*$D10 -> 0 | V10: =L10*$D10 -> 0 | W10: =IF(M10="","",M10*$D10) | X10: =SUM(O10,P10,V10,W10) -> 2909.0909 | Z10: =SUM(O10,P10,V10,W10) -> 2909.0909 | AA10: =ROUND(Z10-X10,2) -> 0
B11: 合计 | C11: =SUM(C5:C10) -> 28 | E11: =SUM(E5:E10) -> 166870 | F11: =SUM(F5:F10) -> 28363.45 | G11: =SUM(G5:G10) -> 18544.35 | H11: =SUM(H5:H10) -> 1485.79 | I11: =SUM(I5:I10) -> 1165.48 | J11: =SUM(J5:J10) -> 7167.83 | K11: =SUM(K5:K10) -> 0 | L11: =SUM(L5:L10) -> 18144 | ... W11: =SUM(W5:W10) -> 0 | X11: =ROUND(SUM(X5:X10),2)+4138.11 -> 50242.02 | Z11: =SUM(Z5:Z10) -> 46103.913 | AA11: =ROUND(ROUND(Z11,2)+4138.11-X11,2) -> 0
B13: 项目/课题负责人： | H13: 科研管理部门业务审核： | M13: 财务部门研发费用审核： | R13: 课题财务助理： | V13: 制表：

Sheet 202408月考勤表
A1: 中铁建华南建设有限公司研发人员科研工时安排表
A2: 研发项目名称：长距离轨行区智能管控关键技术与平台研究 | AA2: 合同编号： | AE2: 21-B-02
A3: 序号 | B3: 姓名 | C3: 日期 | D3: 2024年8月份科研工时安排（7月21日—8月20日） | AI3: 出勤 天数 | AJ3: 工时 率
D4: 21 | E4: 22 | F4: 23 | G4: 24 | H4: 25 | I4: 26 | J4: 27 | K4: 28 | L4: 29 | M4: 30 | N4: 31 | O4: 1 | P4: 2 | Q4: 3 | R4: 4 | S4: 5 | T4: 6 | U4: 7 | V4: 8 | W4: 9 | X4: 10 | Y4: 11 | Z4: 12 | AA4: 13 | AB4: 14 | AC4: 15 | AD4: 16 | AE4: 17 | AF4: 18 | AG4: 19 | AH4: 20
A5: 1 | B5: 陈前 | C5: 出勤 | D5: / | E5: 8 | F5: 8 | G5: 8 | H5: 8 | I5: 8 | J5: / | K5: / | L5: 8 | M5: 8 | N5: 8 | O5: 8 | P5: 8 | Q5: / | R5: / | S5: 8 | T5: 8 | U5: 8 | V5: 8 | W5: 8 | X5: / | Y5: / | Z5: 8 | AA5: 8 | AB5: 8 | AC5: 8 | AD5: 8 | AE5: / | AF5: / | AG5: 8 | AH5: 8 | AI5: =COUNT(D5:AH5) -> 22
C6: 科研 | G6: 4 | U6: 8 | AA6: 8 | AB6: 8 | AC6: 8 | AD6: 8 | AI6: =SUM(D6:AH6)/8 -> 5.5 | AJ6: =AI6/AI5 -> 0.25
A7: 2 | B7: 梁家奇 | C7: 出勤 | D7: / | E7: 8 | F7: 8 | G7: 8 | H7: 8 | I7: 8 | J7: / | K7: / | L7: 8 | M7: 8 | N7: 8 | O7: 8 | P7: 8 | Q7: / | R7: / | S7: 8 | T7: 8 | U7: 8 | V7: 8 | W7: 8 | X7: / | Y7: / | Z7: 8 | AA7: 8 | AB7: 8 | AC7: 8 | AD7: 8 | AE7: / | AF7: / | AG7: 8 | AH7: 8 | AI7: =COUNT(D7:AH7) -> 22
C8: 科研 | G8: 4 | U8: 8 | AA8: 8 | AB8: 8 | AC8: 8 | AD8: 8 | AI8: =SUM(D8:AH8)/8 -> 5.5 | AJ8: =AI8/AI7 -> 0.25
A9: 3 | B9: 赵明明 | C9: 出勤 | D9: / | E9: 8 | F9: 8 | G9: 8 | H9: 8 | I9: 8 | J9: / | K9: / | L9: 8 | M9: 8 | N9: 8 | O9: 8 | P9: 8 | Q9: / | R9: / | S9: 8 | T9: 8 | U9: 8 | V9: 8 | W9: 8 | X9: / | Y9: / | Z9: 8 | AA9: 8 | AB9: 8 | AC9: 8 | AD9: 8 | AE9: / | AF9: / | AG9: 8 | AH9: 8 | AI9: =COUNT(D9:AH9) -> 22
C10: 科研 | L10: 8 | M10: 8 | O10: 8 | P10: 8 | U10: 8 | AA10: 8 | AB10: 8 | AC10: 8 | AD10: 8 | AG10: 8 | AH10: 8 | AI10: =SUM(D10:AH10)/8 -> 11 | AJ10: =AI10/AI9 -> 0.5
A11: 4 | B11: 郭丹 | C11: 出勤 | D11: / | E11: 8 | F11: 8 | G11: 8 | H11: 8 | I11: 8 | J11: / | K11: / | L11: 8 | M11: 8 | N11: 8 | O11: 8 | P11: 8 | Q11: / | R11: / | S11: 8 | T11: 8 | U11: 8 | V11: 8 | W11: 8 | X11: / | Y11: / | Z11: 8 | AA11: 8 | AB11: 8 | AC11: 8 | AD11: 8 | AE11: / | AF11: / | AG11: 8 | AH11: 8 | AI11: =COUNT(D11:AH11) -> 22
C12: 科研 | AA12: 8 | AB12: 4 | AC12: 4 | AI12: =SUM(D12:AH12)/8 -> 2 | AJ12: =AI12/AI11 -> 0.090909091
A13: 5 | B13: 陈凯丽 | C13: 出勤 | D13: / | E13: 8 | F13: 8 | G13: 8 | H13: 8 | I13: 8 | J13: / | K13: / | L13: 8 | M13: 8 | N13: 8 | O13: 8 | P13: 8 | Q13: / | R13: / | S13: 8 | T13: 8 | U13: 8 | V13: 8 | W13: 8 | X13: / | Y13: / | Z13: 8 | AA13: 8 | AB13: 8 | AC13: 8 | AD13: 8 | AE13: / | AF13: / | AG13: 8 | AH13: 8 | AI13: =COUNT(D13:AH13) -> 22
C14: 科研 | U14: 8 | AB14: 4 | AC14: 4 | AI14: =SUM(D14:AH14)/8 -> 2 | AJ14: =AI14/AI13 -> 0.090909091
A15: 6 | B15: 陈宪祖 | C15: 出勤 | D15: / | E15: 8 | F15: 8 | G15: 8 | H15: 8 | I15: 8 | J15: / | K15: / | L15: 8 | M15: 8 | N15: 8 | O15: 8 | P15: 8 | Q15: / | R15: / | S15: 8 | T15: 8 | U15: 8 | V15: 8 | W15: 8 | X15: / | Y15: / | Z15: 8 | AA15: 8 | AB15: 8 | AC15: 8 | AD15: 8 | AE15: / | AF15: / | AG15: 8 | AH15: 8 | AI15: =COUNT(D15:AH15) -> 22
C16: 科研 | AC16: 8 | AD16: 8 | AI16: =SUM(D16:AH16)/8 -> 2 | AJ16: =AI16/AI15 -> 0.090909091
A17: 说明：出勤栏8表示日历应出勤，/表示休息，—表示国家法定假日；科研栏数字表示科研小时数。
A18: 项目/课题负责人： | V18: 制表：

Sheet 202409月
B1: 研发费用—职工薪酬分摊明细表
A2: 项目名称：长距离轨行区智能管控关键技术与平台研究 | M2: 课题合同（项目）编号： | P2: 21-B-02 | V2: 2024年9月（单位：元）
A3: 序号 | B3: 姓名 | C3: 从事研发天数 | D3: 工时率 | E3: 管理费用 | O3: 计入课题的研发人员工资性费用
E4: 1.应发工资 | F4: 2.社会保险费 | G4: 2.1基本养老 | H4: 2.2工伤 | I4: 2.3失业 | J4: 2.4基本医疗 | K4: 2.5大病医疗 | L4: 3.住房 公积金 | M4: 4.企业年金 | N4: 小计 | O4: 1.研发工资 | P4: 2.社会保险费 | Q4: 2.1基本养老 | R4: 2.2工伤 | S4: 2.3失业 | T4: 2.4基本医疗 | U4: 2.5大病医疗 | V4: 3.住房 公积金 | W4: 4.企业年金 | X4: 小计 | Z4: 核对
A5: 1 | B5: 陈前 | C5: ='202409月考勤表'!AI6 -> 5.5 | D5: ='202409月考勤表'!AJ6 -> 0.25 | E5: 33240 | F5: 6281.46 | G5: 3963.15 | H5: 409.77 | I5: 304.66 | J5: 1603.88 | K5: 0 | L5: 4083 | N5: =SUM(E5,F5,L5,M5) -> 43604.46 | O5: =E5*$D5 -> 8310 | P5: =F5*$D5 -> 1570.365 | Q5: =G5*$D5 -> 990.7875 | R5: =H5*$D5 -> 102.4425 | S5: =I5*$D5 -> 76.165 | T5: =J5*$D5 -> 400.97 | U5: =K5*$D5 -> 0 | V5: =L5*$D5 -> 1020.75 | W5: =IF(M5="","",M5*$D5) | X5: =SUM(O5,P5,V5,W5) -> 10901.115 | Z5: =SUM(O5,P5,V5,W5) -> 10901.115 | AA5: =ROUND(Z5-X5,2) -> 0
A6: 2 | B6: 赵明明 | C6: ='202409月考勤表'!AI8 -> 11 | D6: ='202409月考勤表'!AJ8 -> 0.5 | E6: 24270 | F6: 6171.51 | G6: 3963.15 | H6: 335.82 | I6: 268.66 | J6: 1603.88 | K6: 0 | L6: 3715 | N6: =SUM(E6,F6,L6,M6) -> 34156.51 | O6: =E6*$D6 -> 12135 | P6: =F6*$D6 -> 3085.755 | Q6: =G6*$D6 -> 1981.575 | R6: =H6*$D6 -> 167.91 | S6: =I6*$D6 -> 134.33 | T6: =J6*$D6 -> 801.94 | U6: =K6*$D6 -> 0 | V6: =L6*$D6 -> 1857.5 | W6: =IF(M6="","",M6*$D6) | X6: =SUM(O6,P6,V6,W6) -> 17078.255 | Z6: =SUM(O6,P6,V6,W6) -> 17078.255 | AA6: =ROUND(Z6-X6,2) -> 0
A7: 3 | B7: 郭丹 | C7: ='202409月考勤表'!AI10 -> 2 | D7: ='202409月考勤表'!AJ10 -> 0.090909091 | E7: 30850 | F7: 6083.41 | G7: 3963.15 | H7: 296.54 | I7: 237.23 | J7: 1586.49 | K7: 0 | L7: 3912 | N7: =SUM(E7,F7,L7,M7) -> 40845.41 | O7: =E7*$D7 -> 2804.5455 | P7: =F7*$D7 -> 553.03727 | Q7: =G7*$D7 -> 360.28636 | R7: =H7*$D7 -> 26.958182 | S7: =I7*$D7 -> 21.566364 | T7: =J7*$D7 -> 144.22636 | U7: =K7*$D7 -> 0 | V7: =L7*$D7 -> 355.63636 | W7: =IF(M7="","",M7*$D7) | X7: =SUM(O7,P7,V7,W7) -> 3713.2191 | Z7: =SUM(O7,P7,V7,W7) -> 3713.2191 | AA7: =ROUND(Z7-X7,2) -> 0
A8: 4 | B8: 陈凯丽 | C8: ='202409月考勤表'!AI12 -> 2 | D8: ='202409月考勤表'!AJ12 -> 0.090909091 | E8: 18590 | F8: 4548.5 | G8: 3080.25 | H8: 205.35 | I8: 164.28 | J8: 1098.62 | K8: 0 | L8: 3212 | N8: =SUM(E8,F8,L8,M8) -> 26350.5 | O8: =E8*$D8 -> 1690 | P8: =F8*$D8 -> 413.5 | Q8: =G8*$D8 -> 280.02273 | R8: =H8*$D8 -> 18.668182 | S8: =I8*$D8 -> 14.934545 | T8: =J8*$D8 -> 99.874545 | U8: =K8*$D8 -> 0 | V8: =L8*$D8 -> 292 | W8: =IF(M8="","",M8*$D8) | X8: =SUM(O8,P8,V8,W8) -> 2395.5 | Z8: =SUM(O8,P8,V8,W8) -> 2395.5 | AA8: =ROUND(Z8-X8,2) -> 0
A9: 5 | B9: 陈宪祖 | C9: ='202409月考勤表'!AI14 -> 2 | D9: ='202409月考勤表'!AJ14 -> 0.090909091 | E9: 32000 | F9: 0 | G9: 0 | H9: 0 | I9: 0 | J9: 0 | K9: 0 | L9: 0 | N9: =SUM(E9,F9,L9,M9) -> 32000 | O9: =E9*$D9 -> 2909.0909 | P9: =F9*$D9 -> 0 | Q9: =G9*$D9 -> 0 | R9: =H9*$D9 -> 0 | S9: =I9*$D9 -> 0 | T9: =J9*$D9 -> 0 | U9: =K9*$D9 -> 0 | V9: =L9*$D9 -> 0 | W9: =IF(M9="","",M9*$D9) | X9: =SUM(O9,P9,V9,W9) -> 2909.0909 | Z9: =SUM(O9,P9,V9,W9) -> 2909.0909 | AA9: =ROUND(Z9-X9,2) -> 0
B10: 合计 | C10: =SUM(C5:C9) -> 22.5 | E10: =SUM(E5:E9) -> 138950 | F10: =SUM(F5:F9) -> 23084.88 | G10: =SUM(G5:G9) -> 14969.7 | H10: =SUM(H5:H9) -> 1247.48 | I10: =SUM(I5:I9) -> 974.83 | J10: =SUM(J5:J9) -> 5892.87 | K10: =SUM(K5:K9) -> 0 | L10: =SUM(L5:L9) -> 14922 | ... W10: =SUM(W5:W9) -> 0 | X10: =ROUND(SUM(X5:X9),2)+3400.85 -> 40398.03 | Z10: =SUM(Z5:Z9) -> 36997.18 | AA10: =ROUND(ROUND(Z10,2)+3400.85-X10,2) -> 0
B12: 项目/课题负责人： | H12: 科研管理部门业务审核： | M12: 财务部门研发费用审核： | R12: 课题财务助理： | V12: 制表：

Sheet 202409月考勤表
A1: 中铁建华南建设有限公司研发人员科研工时安排表
A2: 研发项目名称：长距离轨行区智能管控关键技术与平台研究 | AA2: 合同编号： | AE2: 21-B-02
A3: 序号 | B3: 姓名 | C3: 日期 | D3: 2024年9月份科研工时安排（8月21日—9月20日） | AI3: 出勤 天数 | AJ3: 工时 率
D4: 21 | E4: 22 | F4: 23 | G4: 24 | H4: 25 | I4: 26 | J4: 27 | K4: 28 | L4: 29 | M4: 30 | N4: 31 | O4: 1 | P4: 2 | Q4: 3 | R4: 4 | S4: 5 | T4: 6 | U4: 7 | V4: 8 | W4: 9 | X4: 10 | Y4: 11 | Z4: 12 | AA4: 13 | AB4: 14 | AC4: 15 | AD4: 16 | AE4: 17 | AF4: 18 | AG4: 19 | AH4: 20
A5: 1 | B5: 陈前 | C5: 出勤 | D5: 8 | E5: 8 | F5: 8 | G5: / | H5: / | I5: 8 | J5: 8 | K5: 8 | L5: 8 | M5: 8 | N5: / | O5: / | P5: 8 | Q5: 8 | R5: 8 | S5: 8 | T5: 8 | U5: / | V5: / | W5: 8 | X5: 8 | Y5: 8 | Z5: 8 | AA5: 8 | AB5: 8 | AC5: / | AD5: / | AE5: / | AF5: 8 | AG5: 8 | AH5: 8 | AI5: =COUNT(D5:AH5) -> 22
C6: 科研 | E6: 4 | L6: 8 | M6: 8 | Y6: 8 | AF6: 8 | AG6: 8 | AI6: =SUM(D6:AH6)/8 -> 5.5 | AJ6: =AI6/AI5 -> 0.25
A7: 2 | B7: 赵明明 | C7: 出勤 | D7: 8 | E7: 8 | F7: 8 | G7: / | H7: / | I7: 8 | J7: 8 | K7: 8 | L7: 8 | M7: 8 | N7: / | O7: / | P7: 8 | Q7: 8 | R7: 8 | S7: 8 | T7: 8 | U7: / | V7: / | W7: 8 | X7: 8 | Y7: 8 | Z7: 8 | AA7: 8 | AB7: 8 | AC7: / | AD7: / | AE7: / | AF7: 8 | AG7: 8 | AH7: 8 | AI7: =COUNT(D7:AH7) -> 22
C8: 科研 | L8: 8 | M8: 8 | P8: 8 | Q8: 8 | S8: 8 | T8: 8 | Y8: 8 | Z8: 8 | AA8: 8 | AF8: 8 | AG8: 8 | AI8: =SUM(D8:AH8)/8 -> 11 | AJ8: =AI8/AI7 -> 0.5
A9: 3 | B9: 郭丹 | C9: 出勤 | D9: 8 | E9: 8 | F9: 8 | G9: / | H9: / | I9: 8 | J9: 8 | K9: 8 | L9: 8 | M9: 8 | N9: / | O9: / | P9: 8 | Q9: 8 | R9: 8 | S9: 8 | T9: 8 | U9: / | V9: / | W9: 8 | X9: 8 | Y9: 8 | Z9: 8 | AA9: 8 | AB9: 8 | AC9: / | AD9: / | AE9: / | AF9: 8 | AG9: 8 | AH9: 8 | AI9: =COUNT(D9:AH9) -> 22
C10: 科研 | M10: 4 | Y10: 8 | AF10: 4 | AI10: =SUM(D10:AH10)/8 -> 2 | AJ10: =AI10/AI9 -> 0.090909091
A11: 4 | B11: 陈凯丽 | C11: 出勤 | D11: 8 | E11: 8 | F11: 8 | G11: / | H11: / | I11: 8 | J11: 8 | K11: 8 | L11: 8 | M11: 8 | N11: / | O11: / | P11: 8 | Q11: 8 | R11: 8 | S11: 8 | T11: 8 | U11: / | V11: / | W11: 8 | X11: 8 | Y11: 8 | Z11: 8 | AA11: 8 | AB11: 8 | AC11: / | AD11: / | AE11: / | AF11: 8 | AG11: 8 | AH11: 8 | AI11: =COUNT(D11:AH11) -> 22
C12: 科研 | M12: 4 | Y12: 8 | AF12: 4 | AI12: =SUM(D12:AH12)/8 -> 2 | AJ12: =AI12/AI11 -> 0.090909091
A13: 5 | B13: 陈宪祖 | C13: 出勤 | D13: 8 | E13: 8 | F13: 8 | G13: / | H13: / | I13: 8 | J13: 8 | K13: 8 | L13: 8 | M13: 8 | N13: / | O13: / | P13: 8 | Q13: 8 | R13: 8 | S13: 8 | T13: 8 | U13: / | V13: / | W13: 8 | X13: 8 | Y13: 8 | Z13: 8 | AA13: 8 | AB13: 8 | AC13: / | AD13: / | AE13: / | AF13: 8 | AG13: 8 | AH13: 8 | AI13: =COUNT(D13:AH13) -> 22
C14: 科研 | AF14: 8 | AG14: 8 | AI14: =SUM(D14:AH14)/8 -> 2 | AJ14: =AI14/AI13 -> 0.090909091
A15: 说明：出勤栏8表示日历应出勤，/表示休息，—表示国家法定假日；科研栏数字表示科研小时数。
A16: 项目/课题负责人： | V16: 制表：
